{
  "parent": "minecraft:adventure/root",
  "display": {
    "icon": {
      "item": "minecraft:creeper_head"
    },
    "title": {
      "text": "Aw man!"
    },
    "description": {
      "text": "Kill a Creeper"
    },
    "frame": "task",
    "show_toast": true,
    "announce_to_chat": true,
    "hidden": false
  },
  "criteria": {
    "minecraft:creeper": {
      "trigger": "minecraft:player_killed_entity",
      "conditions": {
        "entity": {
          "type": "minecraft:creeper"
        }
      }
	}
  },
  "requirements": [
    [
      "minecraft:creeper"
    ]
  ]
}